Datetime,Water Level (m)
2025-09-20 00:00:00,0.05413234
2025-09-20 01:00:00,-0.07980265
2025-09-20 02:00:00,-0.1749702
2025-09-20 03:00:00,-0.051169083
2025-09-20 04:00:00,0.2928354
2025-09-20 05:00:00,0.6283368
2025-09-20 06:00:00,0.89401937
2025-09-20 07:00:00,1.0659889
2025-09-20 08:00:00,1.0916553
2025-09-20 09:00:00,0.88762546
2025-09-20 10:00:00,0.61156994
2025-09-20 11:00:00,0.39680502
2025-09-20 12:00:00,0.22478418
2025-09-20 13:00:00,0.074852414
2025-09-20 14:00:00,-0.052223973
2025-09-20 15:00:00,-0.07467472
2025-09-20 16:00:00,0.2749359
2025-09-20 17:00:00,0.6259721
2025-09-20 18:00:00,0.89702195
2025-09-20 19:00:00,1.0652875
2025-09-20 20:00:00,1.1092001
2025-09-20 21:00:00,0.96011263
2025-09-20 22:00:00,0.6915379
2025-09-20 23:00:00,0.47200537
2025-09-21 00:00:00,0.2950837
2025-09-21 01:00:00,0.14304861
2025-09-21 02:00:00,0.007586701
2025-09-21 03:00:00,-0.07376335
2025-09-21 04:00:00,0.2088901
2025-09-21 05:00:00,0.61490107
2025-09-21 06:00:00,0.9532451
2025-09-21 07:00:00,1.1683857
2025-09-21 08:00:00,1.2461463
2025-09-21 09:00:00,1.116135
2025-09-21 10:00:00,0.8350486
2025-09-21 11:00:00,0.6005588
2025-09-21 12:00:00,0.41608417
2025-09-21 13:00:00,0.25771654
2025-09-21 14:00:00,0.115766354
2025-09-21 15:00:00,0.009948017
2025-09-21 16:00:00,0.13978499
2025-09-21 17:00:00,0.5696949
2025-09-21 18:00:00,0.9423617
2025-09-21 19:00:00,1.2005613
2025-09-21 20:00:00,1.3209034
2025-09-21 21:00:00,1.2407405
2025-09-21 22:00:00,0.958979
2025-09-21 23:00:00,0.7008675
2025-09-22 00:00:00,0.5036451
2025-09-22 01:00:00,0.33723727
2025-09-22 02:00:00,0.19024844
2025-09-22 03:00:00,0.06561812
2025-09-22 04:00:00,0.086325794
2025-09-22 05:00:00,0.4998456
2025-09-22 06:00:00,0.8826708
2025-09-22 07:00:00,1.1610577
2025-09-22 08:00:00,1.313204
2025-09-22 09:00:00,1.2840158
2025-09-22 10:00:00,1.0327507
2025-09-22 11:00:00,0.7633704
2025-09-22 12:00:00,0.55934846
2025-09-22 13:00:00,0.38531202
2025-09-22 14:00:00,0.23091385
2025-09-22 15:00:00,0.0923192
2025-09-22 16:00:00,0.039384924
2025-09-22 17:00:00,0.39395303
2025-09-22 18:00:00,0.7958539
2025-09-22 19:00:00,1.113886
2025-09-22 20:00:00,1.3032001
2025-09-22 21:00:00,1.329151
2025-09-22 22:00:00,1.125796
2025-09-22 23:00:00,0.844262
2025-09-23 00:00:00,0.6268311
2025-09-23 01:00:00,0.44976935
2025-09-23 02:00:00,0.29245475
2025-09-23 03:00:00,0.15029305
2025-09-23 04:00:00,0.059570506
2025-09-23 05:00:00,0.31811282
2025-09-23 06:00:00,0.73500156
2025-09-23 07:00:00,1.0781305
2025-09-23 08:00:00,1.2891147
2025-09-23 09:00:00,1.342602
2025-09-23 10:00:00,1.1766788
2025-09-23 11:00:00,0.89232343
2025-09-23 12:00:00,0.6689186
2025-09-23 13:00:00,0.4892391
2025-09-23 14:00:00,0.329579
2025-09-23 15:00:00,0.18270862
2025-09-23 16:00:00,0.07168078
2025-09-23 17:00:00,0.22589566
2025-09-23 18:00:00,0.6675078
2025-09-23 19:00:00,1.0473247
2025-09-23 20:00:00,1.3049552
2025-09-23 21:00:00,1.4118282
2025-09-23 22:00:00,1.3088084
2025-09-23 23:00:00,1.0219941
2025-09-24 00:00:00,0.77419966
2025-09-24 01:00:00,0.5863106
2025-09-24 02:00:00,0.4201466
2025-09-24 03:00:00,0.2714778
2025-09-24 04:00:00,0.14687744
2025-09-24 05:00:00,0.17416629
2025-09-24 06:00:00,0.5949639
2025-09-24 07:00:00,0.98203427
2025-09-24 08:00:00,1.2555102
2025-09-24 09:00:00,1.3788068
2025-09-24 10:00:00,1.2992738
2025-09-24 11:00:00,1.0269592
2025-09-24 12:00:00,0.779211
2025-09-24 13:00:00,0.59302986
2025-09-24 14:00:00,0.42640096
2025-09-24 15:00:00,0.27575752
2025-09-24 16:00:00,0.14554165
2025-09-24 17:00:00,0.12841065
2025-09-24 18:00:00,0.53239566
2025-09-24 19:00:00,0.93906975
2025-09-24 20:00:00,1.254586
2025-09-24 21:00:00,1.4335222
2025-09-24 22:00:00,1.4236946
2025-09-24 23:00:00,1.1788679
2025-09-25 00:00:00,0.91090065
2025-09-25 01:00:00,0.7068052
2025-09-25 02:00:00,0.53750134
2025-09-25 03:00:00,0.38296974
2025-09-25 04:00:00,0.24985424
2025-09-25 05:00:00,0.18177868
2025-09-25 06:00:00,0.47400546
2025-09-25 07:00:00,0.87786365
2025-09-25 08:00:00,1.1979165
2025-09-25 09:00:00,1.3801819
2025-09-25 10:00:00,1.3969182
2025-09-25 11:00:00,1.205475
2025-09-25 12:00:00,0.94258225
2025-09-25 13:00:00,0.7398256
2025-09-25 14:00:00,0.5749346
2025-09-25 15:00:00,0.42842838
2025-09-25 16:00:00,0.31807616
2025-09-25 17:00:00,0.30662644
2025-09-25 18:00:00,0.66561186
2025-09-25 19:00:00,1.1393243
2025-09-25 20:00:00,1.5262806
2025-09-25 21:00:00,1.7817274
2025-09-25 22:00:00,1.8699868
2025-09-25 23:00:00,1.7619836
2025-09-26 00:00:00,1.5192454
